Campaign,Negative keyword,Match type
Search - CCTV Astana,бесплатно,Phrase
Search - CCTV Astana,скачать,Phrase
Search - CCTV Astana,своими руками,Phrase
Search - CCTV Astana,самостоятельно,Phrase
Search - CCTV Astana,инструкция,Phrase
Search - CCTV Astana,схема подключения,Phrase
Search - CCTV Astana,как подключить,Phrase
Search - CCTV Astana,вакансия,Phrase
Search - CCTV Astana,работа,Phrase
Search - CCTV Astana,резюме,Phrase
Search - CCTV Astana,курсы,Phrase
Search - CCTV Astana,обучение,Phrase
Search - CCTV Astana,реферат,Phrase
Search - CCTV Astana,форум,Phrase
Search - CCTV Astana,алиэкспресс,Phrase
Search - CCTV Astana,aliexpress,Phrase
Search - CCTV Astana,olx,Phrase
Search - CCTV Astana,бу,Phrase
Search - CCTV Astana,б/у,Phrase
Search - CCTV Astana,даром,Phrase
Search - CCTV Astana,аренда,Phrase
Search - CCTV Astana,муляж,Phrase
Search - CCTV Astana,игрушка,Phrase
Search - CCTV Astana,шпионская,Phrase
Search - CCTV Astana,доступ к чужой камере,Phrase
